{
  "best_global_step": null,
  "best_metric": null,
  "best_model_checkpoint": null,
  "epoch": 3.0,
  "eval_steps": 500,
  "global_step": 36,
  "is_hyper_param_search": false,
  "is_local_process_zero": true,
  "is_world_process_zero": true,
  "log_history": [
    {
      "entropy": 1.5925602436065673,
      "epoch": 0.8333333333333334,
      "grad_norm": 3.5711069107055664,
      "learning_rate": 1.5000000000000002e-05,
      "loss": 1.1163,
      "mean_token_accuracy": 0.8213241577148438,
      "num_tokens": 10433.0,
      "step": 10
    },
    {
      "entropy": 1.6094210505485536,
      "epoch": 1.6666666666666665,
      "grad_norm": 4.046230316162109,
      "learning_rate": 9.444444444444445e-06,
      "loss": 0.8103,
      "mean_token_accuracy": 0.8573088705539703,
      "num_tokens": 20516.0,
      "step": 20
    },
    {
      "entropy": 1.6585960865020752,
      "epoch": 2.5,
      "grad_norm": 3.518223762512207,
      "learning_rate": 3.88888888888889e-06,
      "loss": 0.7192,
      "mean_token_accuracy": 0.8652334034442901,
      "num_tokens": 30429.0,
      "step": 30
    }
  ],
  "logging_steps": 10,
  "max_steps": 36,
  "num_input_tokens_seen": 0,
  "num_train_epochs": 3,
  "save_steps": 500,
  "stateful_callbacks": {
    "TrainerControl": {
      "args": {
        "should_epoch_stop": false,
        "should_evaluate": false,
        "should_log": false,
        "should_save": true,
        "should_training_stop": true
      },
      "attributes": {}
    }
  },
  "total_flos": 828667974359040.0,
  "train_batch_size": 8,
  "trial_name": null,
  "trial_params": null
}
